{"0": {"image_size": {"width": 2550, "height": 3300}, "document_page": 1, "line_boxes": [{"word_boxes": [{"bbox": [[598, 314], [730, 382]], "content": "Pho"}, {"bbox": [[767, 314], [811, 382]], "content": "-"}, {"bbox": [[827, 314], [1264, 383]], "content": "Vietnamese"}, {"bbox": [[1295, 315], [1459, 383]], "content": "Beef"}, {"bbox": [[1485, 315], [1741, 384]], "content": "Noodle"}, {"bbox": [[1769, 316], [1953, 384]], "content": "Soup"}], "bbox": [[598, 313], [1953, 384]]}, {"word_boxes": [{"bbox": [[769, 398], [891, 459]], "content": "From"}, {"bbox": [[911, 398], [1067, 459]], "content": "Seattle"}, {"bbox": [[1084, 398], [1124, 459]], "content": "&"}, {"bbox": [[1143, 398], [1260, 459]], "content": "King"}, {"bbox": [[1274, 398], [1444, 459]], "content": "County"}, {"bbox": [[1458, 397], [1607, 458]], "content": "Public"}, {"bbox": [[1624, 397], [1776, 458]], "content": "Health"}], "bbox": [[769, 397], [1776, 460]]}, {"word_boxes": [{"bbox": [[514, 461], [2032, 509]], "content": "http://www.kingcounty.gov/healthservices/health/nutrition/recipes/Soups/Pho.aspx"}], "bbox": [[514, 461], [2032, 509]]}, {"word_boxes": [{"bbox": [[299, 575], [540, 624]], "content": "Ingredients"}], "bbox": [[299, 575], [540, 624]]}, {"word_boxes": [{"bbox": [[448, 696], [472, 744]], "content": "4"}, {"bbox": [[488, 695], [605, 743]], "content": "quarts"}, {"bbox": [[620, 692], [857, 742]], "content": "low-sodium"}, {"bbox": [[873, 691], [961, 739]], "content": "beef"}, {"bbox": [[970, 690], [1074, 738]], "content": "broth"}], "bbox": [[448, 689], [1074, 744]]}, {"word_boxes": [{"bbox": [[448, 757], [470, 804]], "content": "2"}, {"bbox": [[487, 756], [584, 804]], "content": "large"}, {"bbox": [[600, 755], [740, 803]], "content": "onions,"}, {"bbox": [[757, 754], [873, 802]], "content": "thinly"}, {"bbox": [[886, 753], [1002, 802]], "content": "sliced"}], "bbox": [[448, 753], [1002, 805]]}, {"word_boxes": [{"bbox": [[450, 811], [470, 859]], "content": "6"}, {"bbox": [[488, 811], [594, 861]], "content": "slices"}, {"bbox": [[609, 813], [657, 862]], "content": "of"}, {"bbox": [[666, 814], [761, 864]], "content": "fresh"}, {"bbox": [[778, 816], [901, 866]], "content": "ginger"}], "bbox": [[450, 810], [901, 866]]}, {"word_boxes": [{"bbox": [[453, 875], [468, 918]], "content": "1"}, {"bbox": [[489, 875], [682, 918]], "content": "cinnamon"}, {"bbox": [[697, 875], [791, 918]], "content": "stick"}], "bbox": [[453, 875], [791, 918]]}, {"word_boxes": [{"bbox": [[452, 940], [468, 977]], "content": "1"}, {"bbox": [[488, 939], [557, 977]], "content": "star"}, {"bbox": [[572, 938], [670, 976]], "content": "anise"}], "bbox": [[452, 938], [670, 977]]}, {"word_boxes": [{"bbox": [[452, 998], [469, 1047]], "content": "1"}, {"bbox": [[487, 998], [663, 1048]], "content": "teaspoon"}, {"bbox": [[677, 1000], [797, 1049]], "content": "whole"}, {"bbox": [[811, 1001], [917, 1051]], "content": "black"}, {"bbox": [[932, 1002], [1174, 1053]], "content": "peppercorns"}], "bbox": [[453, 998], [1174, 1053]]}, {"word_boxes": [{"bbox": [[447, 1061], [471, 1110]], "content": "2"}, {"bbox": [[488, 1061], [612, 1110]], "content": "cloves"}, {"bbox": [[628, 1061], [747, 1109]], "content": "garlic,"}, {"bbox": [[765, 1060], [895, 1109]], "content": "peeled"}, {"bbox": [[910, 1060], [980, 1108]], "content": "and"}, {"bbox": [[994, 1059], [1163, 1108]], "content": "smashed"}], "bbox": [[448, 1059], [1163, 1110]]}, {"word_boxes": [{"bbox": [[453, 1121], [468, 1171]], "content": "1"}, {"bbox": [[486, 1121], [611, 1171]], "content": "pound"}, {"bbox": [[625, 1120], [749, 1171]], "content": "sirloin"}, {"bbox": [[763, 1120], [825, 1170]], "content": "tip,"}, {"bbox": [[842, 1119], [958, 1170]], "content": "thinly"}, {"bbox": [[973, 1118], [1087, 1169]], "content": "sliced"}], "bbox": [[453, 1118], [1087, 1172]]}, {"word_boxes": [{"bbox": [[376, 1184], [392, 1234]], "content": "\u2022"}, {"bbox": [[449, 1184], [470, 1233]], "content": "2"}, {"bbox": [[489, 1183], [585, 1233]], "content": "8-oz."}, {"bbox": [[601, 1182], [780, 1232]], "content": "packages"}, {"bbox": [[796, 1181], [898, 1231]], "content": "dried"}, {"bbox": [[910, 1181], [985, 1231]], "content": "rice"}, {"bbox": [[998, 1180], [1150, 1230]], "content": "noodles"}], "bbox": [[376, 1179], [1150, 1234]]}, {"word_boxes": [{"bbox": [[301, 1295], [488, 1347]], "content": "Optional"}, {"bbox": [[504, 1295], [714, 1347]], "content": "Garnishes"}, {"bbox": [[731, 1294], [814, 1347]], "content": "(not"}, {"bbox": [[830, 1294], [994, 1346]], "content": "counted"}, {"bbox": [[1010, 1294], [1048, 1346]], "content": "in"}, {"bbox": [[1066, 1294], [1253, 1346]], "content": "nutrition"}, {"bbox": [[1267, 1294], [1379, 1346]], "content": "facts)"}], "bbox": [[301, 1293], [1379, 1348]]}, {"word_boxes": [{"bbox": [[452, 1420], [468, 1468]], "content": "1"}, {"bbox": [[488, 1419], [557, 1467]], "content": "cup"}, {"bbox": [[570, 1417], [714, 1466]], "content": "loosely"}, {"bbox": [[725, 1415], [869, 1465]], "content": "packed"}, {"bbox": [[881, 1414], [981, 1463]], "content": "fresh"}, {"bbox": [[994, 1413], [1087, 1461]], "content": "basil"}, {"bbox": [[1102, 1411], [1222, 1460]], "content": "leaves"}], "bbox": [[452, 1411], [1222, 1468]]}, {"word_boxes": [{"bbox": [[452, 1478], [468, 1528]], "content": "1"}, {"bbox": [[489, 1477], [557, 1528]], "content": "cup"}, {"bbox": [[572, 1477], [714, 1528]], "content": "loosely"}, {"bbox": [[726, 1477], [869, 1527]], "content": "packed"}, {"bbox": [[882, 1476], [980, 1527]], "content": "fresh"}, {"bbox": [[994, 1476], [1087, 1526]], "content": "mint"}, {"bbox": [[1101, 1476], [1214, 1526]], "content": "sprigs"}], "bbox": [[452, 1475], [1214, 1528]]}, {"word_boxes": [{"bbox": [[453, 1537], [469, 1593]], "content": "1"}, {"bbox": [[489, 1537], [557, 1593]], "content": "cup"}, {"bbox": [[571, 1536], [714, 1592]], "content": "loosely"}, {"bbox": [[726, 1535], [869, 1592]], "content": "packed"}, {"bbox": [[882, 1535], [1030, 1591]], "content": "cilantro"}, {"bbox": [[1049, 1534], [1164, 1590]], "content": "sprigs"}], "bbox": [[453, 1534], [1164, 1593]]}, {"word_boxes": [{"bbox": [[449, 1600], [467, 1650]], "content": "3"}, {"bbox": [[491, 1599], [585, 1650]], "content": "fresh"}, {"bbox": [[599, 1599], [765, 1650]], "content": "jalape\u00f1o"}, {"bbox": [[778, 1599], [945, 1650]], "content": "peppers,"}, {"bbox": [[962, 1599], [1078, 1650]], "content": "thinly"}, {"bbox": [[1091, 1599], [1206, 1650]], "content": "sliced"}], "bbox": [[449, 1599], [1206, 1650]]}, {"word_boxes": [{"bbox": [[449, 1654], [511, 1704]], "content": "2-3"}, {"bbox": [[529, 1656], [615, 1707]], "content": "lime"}, {"bbox": [[630, 1658], [776, 1710]], "content": "wedges"}], "bbox": [[449, 1654], [776, 1710]]}, {"word_boxes": [{"bbox": [[448, 1720], [580, 1765]], "content": "Hoisin"}, {"bbox": [[596, 1725], [705, 1770]], "content": "sauce"}], "bbox": [[449, 1720], [705, 1770]]}, {"word_boxes": [{"bbox": [[449, 1784], [522, 1831]], "content": "Hot"}, {"bbox": [[538, 1785], [672, 1832]], "content": "pepper"}, {"bbox": [[685, 1786], [794, 1833]], "content": "sauce"}], "bbox": [[449, 1784], [793, 1833]]}, {"word_boxes": [{"bbox": [[450, 1841], [682, 1890]], "content": "Vietnamese"}, {"bbox": [[699, 1841], [770, 1890]], "content": "fish"}, {"bbox": [[786, 1842], [893, 1890]], "content": "sauce"}, {"bbox": [[911, 1842], [1037, 1891]], "content": "(\"nuoc"}, {"bbox": [[1053, 1842], [1171, 1891]], "content": "mam\""}, {"bbox": [[1189, 1843], [1230, 1891]], "content": "or"}, {"bbox": [[1243, 1843], [1346, 1892]], "content": "\"nam"}, {"bbox": [[1359, 1843], [1435, 1892]], "content": "pla\""}, {"bbox": [[1460, 1870], [1484, 1874]], "content": "--"}, {"bbox": [[1503, 1854], [1566, 1882]], "content": "use"}, {"bbox": [[1581, 1842], [1774, 1895]], "content": "sparingly,"}, {"bbox": [[1792, 1842], [1859, 1893]], "content": "can"}, {"bbox": [[1872, 1841], [1917, 1892]], "content": "be"}, {"bbox": [[1932, 1840], [2021, 1892]], "content": "high"}, {"bbox": [[2035, 1840], [2071, 1891]], "content": "in"}], "bbox": [[451, 1839], [2071, 1895]]}, {"word_boxes": [{"bbox": [[449, 1901], [608, 1949]], "content": "sodium)"}], "bbox": [[449, 1901], [608, 1949]]}, {"word_boxes": [{"bbox": [[300, 2017], [554, 2055]], "content": "Instructions"}], "bbox": [[300, 2017], [554, 2055]]}, {"word_boxes": [{"bbox": [[379, 2127], [409, 2179]], "content": "1."}, {"bbox": [[448, 2127], [489, 2180]], "content": "In"}, {"bbox": [[504, 2128], [524, 2180]], "content": "a"}, {"bbox": [[538, 2128], [635, 2180]], "content": "large"}, {"bbox": [[651, 2128], [827, 2180]], "content": "stockpot,"}, {"bbox": [[845, 2128], [915, 2181]], "content": "add"}, {"bbox": [[930, 2129], [1042, 2181]], "content": "broth,"}, {"bbox": [[1061, 2129], [1202, 2181]], "content": "onions,"}, {"bbox": [[1220, 2129], [1355, 2182]], "content": "ginger,"}, {"bbox": [[1371, 2130], [1576, 2182]], "content": "cinnamon,"}, {"bbox": [[1595, 2130], [1663, 2182]], "content": "star"}, {"bbox": [[1679, 2130], [1788, 2182]], "content": "anise,"}, {"bbox": [[1804, 2130], [2047, 2183]], "content": "peppercorns"}, {"bbox": [[2063, 2131], [2133, 2183]], "content": "and"}], "bbox": [[379, 2127], [2133, 2184]]}, {"word_boxes": [{"bbox": [[451, 2187], [571, 2235]], "content": "garlic."}, {"bbox": [[589, 2187], [702, 2235]], "content": "Bring"}, {"bbox": [[713, 2187], [749, 2235]], "content": "to"}, {"bbox": [[765, 2187], [785, 2235]], "content": "a"}, {"bbox": [[798, 2187], [876, 2235]], "content": "boil"}, {"bbox": [[890, 2187], [974, 2236]], "content": "then"}, {"bbox": [[988, 2187], [1119, 2236]], "content": "reduce"}, {"bbox": [[1134, 2187], [1215, 2236]], "content": "heat"}, {"bbox": [[1230, 2187], [1267, 2236]], "content": "to"}, {"bbox": [[1282, 2187], [1353, 2236]], "content": "low"}, {"bbox": [[1370, 2187], [1439, 2236]], "content": "and"}, {"bbox": [[1455, 2187], [1572, 2236]], "content": "cover."}, {"bbox": [[1591, 2187], [1748, 2236]], "content": "Simmer"}, {"bbox": [[1760, 2187], [1818, 2236]], "content": "for"}, {"bbox": [[1836, 2187], [1848, 2236]], "content": "1"}, {"bbox": [[1867, 2187], [1969, 2236]], "content": "hour,"}, {"bbox": [[1988, 2187], [2122, 2236]], "content": "stirring"}], "bbox": [[451, 2186], [2122, 2236]]}, {"word_boxes": [{"bbox": [[455, 2246], [705, 2295]], "content": "occasionally."}], "bbox": [[455, 2246], [705, 2295]]}, {"word_boxes": [{"bbox": [[374, 2304], [406, 2354]], "content": "2."}, {"bbox": [[448, 2303], [611, 2354]], "content": "Arrange"}, {"bbox": [[627, 2302], [770, 2353]], "content": "garnish"}, {"bbox": [[785, 2302], [1005, 2353]], "content": "ingredients"}, {"bbox": [[1022, 2302], [1094, 2352]], "content": "into"}, {"bbox": [[1111, 2301], [1271, 2352]], "content": "separate"}, {"bbox": [[1286, 2301], [1399, 2351]], "content": "plates"}, {"bbox": [[1415, 2300], [1489, 2351]], "content": "and"}, {"bbox": [[1500, 2300], [1616, 2351]], "content": "bowls"}, {"bbox": [[1633, 2300], [1668, 2350]], "content": "at"}, {"bbox": [[1681, 2300], [1740, 2350]], "content": "the"}, {"bbox": [[1753, 2299], [1858, 2350]], "content": "table."}], "bbox": [[374, 2299], [1858, 2354]]}, {"word_boxes": [{"bbox": [[376, 2360], [407, 2408]], "content": "3."}, {"bbox": [[450, 2360], [549, 2408]], "content": "Soak"}, {"bbox": [[561, 2360], [633, 2408]], "content": "rice"}, {"bbox": [[650, 2360], [802, 2408]], "content": "noodles"}, {"bbox": [[817, 2360], [854, 2408]], "content": "in"}, {"bbox": [[866, 2360], [930, 2408]], "content": "hot"}, {"bbox": [[946, 2360], [1054, 2408]], "content": "water"}, {"bbox": [[1071, 2359], [1132, 2408]], "content": "(do"}, {"bbox": [[1147, 2359], [1211, 2408]], "content": "not"}, {"bbox": [[1224, 2359], [1314, 2408]], "content": "boil)"}, {"bbox": [[1331, 2359], [1387, 2408]], "content": "for"}, {"bbox": [[1406, 2359], [1447, 2408]], "content": "15"}, {"bbox": [[1463, 2359], [1620, 2408]], "content": "minutes"}, {"bbox": [[1636, 2359], [1676, 2408]], "content": "or"}, {"bbox": [[1688, 2359], [1779, 2408]], "content": "until"}, {"bbox": [[1795, 2359], [1961, 2408]], "content": "softened"}, {"bbox": [[1975, 2359], [2061, 2408]], "content": "then"}, {"bbox": [[2077, 2359], [2165, 2408]], "content": "drain"}], "bbox": [[376, 2359], [2165, 2409]]}, {"word_boxes": [{"bbox": [[450, 2417], [513, 2466]], "content": "(do"}, {"bbox": [[529, 2417], [591, 2466]], "content": "not"}, {"bbox": [[604, 2417], [699, 2466]], "content": "rinse"}, {"bbox": [[713, 2417], [801, 2466]], "content": "with"}, {"bbox": [[817, 2417], [899, 2466]], "content": "cold"}, {"bbox": [[914, 2417], [1049, 2466]], "content": "water.)"}, {"bbox": [[1068, 2417], [1174, 2466]], "content": "Place"}, {"bbox": [[1188, 2417], [1294, 2466]], "content": "equal"}, {"bbox": [[1310, 2417], [1474, 2467]], "content": "amounts"}, {"bbox": [[1491, 2418], [1535, 2467]], "content": "of"}, {"bbox": [[1544, 2418], [1696, 2467]], "content": "noodles"}, {"bbox": [[1711, 2418], [1749, 2467]], "content": "in"}, {"bbox": [[1764, 2418], [1856, 2467]], "content": "soup"}, {"bbox": [[1870, 2418], [1988, 2467]], "content": "bowls"}, {"bbox": [[2005, 2418], [2073, 2467]], "content": "and"}, {"bbox": [[2089, 2418], [2190, 2467]], "content": "cover"}], "bbox": [[450, 2416], [2190, 2468]]}, {"word_boxes": [{"bbox": [[449, 2477], [536, 2517]], "content": "with"}, {"bbox": [[549, 2476], [623, 2517]], "content": "raw"}, {"bbox": [[637, 2476], [729, 2517]], "content": "beef"}, {"bbox": [[737, 2475], [854, 2516]], "content": "slices."}], "bbox": [[449, 2475], [854, 2518]]}, {"word_boxes": [{"bbox": [[373, 2532], [406, 2581]], "content": "4."}, {"bbox": [[449, 2532], [561, 2581]], "content": "Ladle"}, {"bbox": [[573, 2532], [637, 2580]], "content": "hot"}, {"bbox": [[651, 2532], [755, 2580]], "content": "broth"}, {"bbox": [[769, 2532], [858, 2580]], "content": "over"}, {"bbox": [[869, 2532], [1022, 2580]], "content": "noodles"}, {"bbox": [[1039, 2532], [1111, 2580]], "content": "and"}, {"bbox": [[1123, 2532], [1212, 2580]], "content": "beef"}, {"bbox": [[1223, 2532], [1299, 2580]], "content": "(the"}, {"bbox": [[1311, 2532], [1403, 2580]], "content": "beef"}, {"bbox": [[1411, 2532], [1520, 2580]], "content": "slices"}, {"bbox": [[1535, 2532], [1667, 2580]], "content": "should"}, {"bbox": [[1683, 2532], [1775, 2580]], "content": "cook"}, {"bbox": [[1792, 2532], [1832, 2580]], "content": "or"}, {"bbox": [[1843, 2532], [1971, 2580]], "content": "brown"}, {"bbox": [[1984, 2532], [2022, 2580]], "content": "in"}, {"bbox": [[2036, 2532], [2095, 2580]], "content": "the"}, {"bbox": [[2107, 2532], [2165, 2580]], "content": "hot"}], "bbox": [[373, 2532], [2165, 2581]]}, {"word_boxes": [{"bbox": [[450, 2590], [580, 2641]], "content": "broth.)"}], "bbox": [[451, 2590], [579, 2641]]}, {"word_boxes": [{"bbox": [[376, 2646], [408, 2696]], "content": "5."}, {"bbox": [[448, 2647], [533, 2696]], "content": "Add"}, {"bbox": [[549, 2647], [693, 2697]], "content": "garnish"}, {"bbox": [[709, 2648], [925, 2698]], "content": "ingredients"}, {"bbox": [[943, 2649], [978, 2698]], "content": "to"}, {"bbox": [[994, 2649], [1083, 2699]], "content": "your"}, {"bbox": [[1097, 2650], [1316, 2700]], "content": "preference."}], "bbox": [[376, 2646], [1316, 2700]]}, {"word_boxes": [{"bbox": [[495, 3001], [684, 3102]], "content": "ULLINOIS"}], "bbox": [[493, 3001], [686, 3102]]}, {"word_boxes": [{"bbox": [[507, 3052], [680, 3130]], "content": "HUMAN"}], "bbox": [[507, 3052], [680, 3130]]}, {"word_boxes": [{"bbox": [[741, 3037], [792, 3139]], "content": "UI"}, {"bbox": [[793, 3039], [984, 3146]], "content": "Welln"}], "bbox": [[743, 3037], [982, 3146]]}, {"word_boxes": [{"bbox": [[462, 3073], [685, 3183]], "content": "RESOURCES"}], "bbox": [[466, 3073], [681, 3183]]}, {"word_boxes": [{"bbox": [[743, 3112], [877, 3158]], "content": "Center"}], "bbox": [[744, 3112], [877, 3158]]}]}, "1": {"image_size": {"width": 2550, "height": 3300}, "document_page": 2, "line_boxes": [{"word_boxes": [{"bbox": [[301, 303], [438, 353]], "content": "Makes"}, {"bbox": [[453, 306], [517, 354]], "content": "6-8"}, {"bbox": [[532, 308], [706, 359]], "content": "servings"}], "bbox": [[301, 302], [706, 359]]}, {"word_boxes": [{"bbox": [[299, 413], [496, 466]], "content": "Nutrition"}, {"bbox": [[513, 415], [764, 470]], "content": "information"}, {"bbox": [[780, 419], [849, 471]], "content": "per"}, {"bbox": [[866, 420], [1018, 473]], "content": "serving"}], "bbox": [[299, 412], [1018, 473]]}, {"word_boxes": [{"bbox": [[323, 535], [498, 585]], "content": "Calories:"}, {"bbox": [[516, 536], [588, 585]], "content": "367"}, {"bbox": [[1297, 539], [1445, 588]], "content": "Dietary"}, {"bbox": [[1459, 539], [1573, 588]], "content": "Fiber:"}, {"bbox": [[1592, 540], [1640, 588]], "content": "2g"}], "bbox": [[324, 535], [1640, 589]]}, {"word_boxes": [{"bbox": [[324, 597], [424, 647]], "content": "Total"}, {"bbox": [[441, 597], [513, 648]], "content": "Fat:"}, {"bbox": [[533, 598], [580, 648]], "content": "6g"}, {"bbox": [[1298, 599], [1462, 649]], "content": "Sodium:"}, {"bbox": [[1478, 599], [1616, 649]], "content": "384mg"}], "bbox": [[324, 597], [1616, 650]]}, {"word_boxes": [{"bbox": [[324, 657], [509, 706]], "content": "Saturated"}, {"bbox": [[524, 657], [598, 706]], "content": "Fat:"}, {"bbox": [[614, 657], [662, 706]], "content": "2g"}, {"bbox": [[1298, 657], [1450, 706]], "content": "Protein:"}, {"bbox": [[1468, 657], [1541, 706]], "content": "24g"}], "bbox": [[324, 657], [1541, 706]]}, {"word_boxes": [{"bbox": [[324, 714], [562, 766]], "content": "Cholesterol:"}, {"bbox": [[580, 714], [690, 766]], "content": "35mg"}, {"bbox": [[1297, 716], [1597, 769]], "content": "Carbohydrates:"}, {"bbox": [[1615, 717], [1688, 769]], "content": "51g"}], "bbox": [[325, 713], [1688, 769]]}, {"word_boxes": [{"bbox": [[495, 3001], [684, 3102]], "content": "ULLINOIS"}], "bbox": [[493, 3001], [686, 3102]]}, {"word_boxes": [{"bbox": [[507, 3052], [680, 3130]], "content": "HUMAN"}], "bbox": [[507, 3052], [680, 3130]]}, {"word_boxes": [{"bbox": [[741, 3037], [792, 3139]], "content": "UI"}, {"bbox": [[793, 3039], [984, 3146]], "content": "Welln"}], "bbox": [[743, 3037], [982, 3146]]}, {"word_boxes": [{"bbox": [[462, 3073], [685, 3183]], "content": "RESOURCES"}], "bbox": [[466, 3073], [681, 3183]]}, {"word_boxes": [{"bbox": [[743, 3112], [877, 3158]], "content": "Center"}], "bbox": [[744, 3112], [877, 3158]]}]}}