{"headerFields": [{"name": "Name", "value": "Pho - Vietnamese Beef Noodle Soup", "coordinates": {"x": 0.23450980392156862, "y": 0.09515151515151515, "w": 0.5313725490196078, "h": 0.02121212121212121}, "page": 1}, {"name": "Portions", "value": "None", "coordinates": {"x": 0.0, "y": 0.0, "w": 0.0, "h": 0.0}, "page": 1}], "lineItems": [[{"name": "Ingredient", "value": "4 quarts low-sodium beef broth", "coordinates": {"x": 0.17568627450980392, "y": 0.20909090909090908, "w": 0.2454901960784314, "h": 0.016363636363636386}, "page": 1}, {"name": "Qty", "value": "None", "coordinates": {"x": 0.0, "y": 0.0, "w": 0.0, "h": 0.0}, "page": 1}], [{"name": "Ingredient", "value": "2 large onions, thinly sliced", "coordinates": {"x": 0.17568627450980392, "y": 0.22818181818181818, "w": 0.2172549019607843, "h": 0.015454545454545443}, "page": 1}, {"name": "Qty", "value": "None", "coordinates": {"x": 0.0, "y": 0.0, "w": 0.0, "h": 0.0}, "page": 1}], [{"name": "Ingredient", "value": "6 slices of fresh ginger", "coordinates": {"x": 0.17647058823529413, "y": 0.24575757575757576, "w": 0.1768627450980392, "h": 0.01666666666666669}, "page": 1}, {"name": "Qty", "value": "None", "coordinates": {"x": 0.0, "y": 0.0, "w": 0.0, "h": 0.0}, "page": 1}], [{"name": "Ingredient", "value": "1 cinnamon stick", "coordinates": {"x": 0.1776470588235294, "y": 0.26515151515151514, "w": 0.13254901960784313, "h": 0.013030303030303059}, "page": 1}, {"name": "Qty", "value": "None", "coordinates": {"x": 0.0, "y": 0.0, "w": 0.0, "h": 0.0}, "page": 1}], [{"name": "Ingredient", "value": "1 star anise", "coordinates": {"x": 0.1772549019607843, "y": 0.28424242424242424, "w": 0.08549019607843139, "h": 0.011818181818181839}, "page": 1}, {"name": "Qty", "value": "None", "coordinates": {"x": 0.0, "y": 0.0, "w": 0.0, "h": 0.0}, "page": 1}], [{"name": "Ingredient", "value": "1 teaspoon whole black peppercorns", "coordinates": {"x": 0.1772549019607843, "y": 0.30242424242424243, "w": 0.2831372549019608, "h": 0.016666666666666663}, "page": 1}, {"name": "Qty", "value": "None", "coordinates": {"x": 0.0, "y": 0.0, "w": 0.0, "h": 0.0}, "page": 1}], [{"name": "Ingredient", "value": "2 cloves garlic, peeled and smashed", "coordinates": {"x": 0.17529411764705882, "y": 0.3209090909090909, "w": 0.2807843137254902, "h": 0.015454545454545443}, "page": 1}, {"name": "Qty", "value": "None", "coordinates": {"x": 0.0, "y": 0.0, "w": 0.0, "h": 0.0}, "page": 1}], [{"name": "Ingredient", "value": "1 pound sirloin tip, thinly sliced", "coordinates": {"x": 0.1776470588235294, "y": 0.3387878787878788, "w": 0.24862745098039216, "h": 0.016060606060606053}, "page": 1}, {"name": "Qty", "value": "None", "coordinates": {"x": 0.0, "y": 0.0, "w": 0.0, "h": 0.0}, "page": 1}], [{"name": "Ingredient", "value": "2 8-oz. packages dried rice noodles", "coordinates": {"x": 0.17607843137254903, "y": 0.3575757575757576, "w": 0.2749019607843137, "h": 0.016060606060606053}, "page": 1}, {"name": "Qty", "value": "None", "coordinates": {"x": 0.0, "y": 0.0, "w": 0.0, "h": 0.0}, "page": 1}], [{"name": "Ingredient", "value": "1 cup loosely packed fresh basil leaves", "coordinates": {"x": 0.1772549019607843, "y": 0.42757575757575755, "w": 0.30196078431372547, "h": 0.017272727272727273}, "page": 1}, {"name": "Qty", "value": "None", "coordinates": {"x": 0.0, "y": 0.0, "w": 0.0, "h": 0.0}, "page": 1}], [{"name": "Ingredient", "value": "1 cup loosely packed fresh mint sprigs", "coordinates": {"x": 0.1772549019607843, "y": 0.42848484848484847, "w": 0.2792156862745098, "h": 0.053333333333333344}, "page": 1}, {"name": "Qty", "value": "None", "coordinates": {"x": 0.0, "y": 0.0, "w": 0.0, "h": 0.0}, "page": 1}], [{"name": "Ingredient", "value": "1 cup loosely packed cilantro sprigs", "coordinates": {"x": 0.1776470588235294, "y": 0.46484848484848484, "w": 0.2788235294117647, "h": 0.017878787878787883}, "page": 1}, {"name": "Qty", "value": "None", "coordinates": {"x": 0.0, "y": 0.0, "w": 0.0, "h": 0.0}, "page": 1}], [{"name": "Ingredient", "value": "3 fresh jalape\u00f1o peppers, thinly sliced", "coordinates": {"x": 0.17607843137254903, "y": 0.48454545454545456, "w": 0.2968627450980392, "h": 0.015454545454545443}, "page": 1}, {"name": "Qty", "value": "None", "coordinates": {"x": 0.0, "y": 0.0, "w": 0.0, "h": 0.0}, "page": 1}], [{"name": "Ingredient", "value": "2-3 lime wedges", "coordinates": {"x": 0.17607843137254903, "y": 0.5012121212121212, "w": 0.12823529411764706, "h": 0.016969696969696968}, "page": 1}, {"name": "Qty", "value": "None", "coordinates": {"x": 0.0, "y": 0.0, "w": 0.0, "h": 0.0}, "page": 1}], [{"name": "Ingredient", "value": "Hoisin sauce", "coordinates": {"x": 0.17568627450980392, "y": 0.5212121212121212, "w": 0.10078431372549021, "h": 0.015151515151515138}, "page": 1}, {"name": "Qty", "value": "None", "coordinates": {"x": 0.0, "y": 0.0, "w": 0.0, "h": 0.0}, "page": 1}], [{"name": "Ingredient", "value": "Hot pepper sauce", "coordinates": {"x": 0.17607843137254903, "y": 0.5406060606060606, "w": 0.13529411764705884, "h": 0.014848484848484778}, "page": 1}, {"name": "Qty", "value": "None", "coordinates": {"x": 0.0, "y": 0.0, "w": 0.0, "h": 0.0}, "page": 1}], [{"name": "Ingredient", "value": "Vietnamese fish sauce (\"nuoc mam\" or \"nam pla\" -- use sparingly, can be high in sodium)", "coordinates": {"x": 0.17607843137254903, "y": 0.5575757575757576, "w": 0.6360784313725489, "h": 0.033030303030302965}, "page": 1}, {"name": "Qty", "value": "None", "coordinates": {"x": 0.0, "y": 0.0, "w": 0.0, "h": 0.0}, "page": 1}]]}