{"0": {"image_size": {"width": 2332, "height": 3298}, "document_page": 1, "line_boxes": [{"word_boxes": [{"bbox": [[1087, 265], [1237, 305]], "content": "NamNam"}], "bbox": [[1087, 265], [1237, 305]]}, {"word_boxes": [{"bbox": [[285, 370], [428, 444]], "content": "Beef"}, {"bbox": [[452, 370], [566, 445]], "content": "Pho"}, {"bbox": [[593, 371], [667, 445]], "content": "by"}, {"bbox": [[692, 371], [987, 446]], "content": "NamNam"}], "bbox": [[285, 369], [987, 446]]}, {"word_boxes": [{"bbox": [[284, 499], [405, 535]], "content": "Makes"}, {"bbox": [[418, 500], [438, 535]], "content": "8"}], "bbox": [[284, 499], [438, 535]]}, {"word_boxes": [{"bbox": [[282, 590], [376, 631]], "content": "Broth"}], "bbox": [[282, 590], [376, 631]]}, {"word_boxes": [{"bbox": [[282, 645], [299, 689]], "content": "2"}, {"bbox": [[563, 645], [716, 689]], "content": "medium"}, {"bbox": [[732, 645], [856, 689]], "content": "yellow"}, {"bbox": [[868, 645], [992, 689]], "content": "onions"}], "bbox": [[282, 645], [992, 689]]}, {"word_boxes": [{"bbox": [[280, 698], [360, 743]], "content": "4cm"}, {"bbox": [[564, 700], [657, 745]], "content": "knob"}, {"bbox": [[673, 701], [723, 746]], "content": "old"}, {"bbox": [[741, 702], [856, 747]], "content": "ginger"}], "bbox": [[281, 698], [856, 748]]}, {"word_boxes": [{"bbox": [[283, 758], [347, 804]], "content": "3kg"}, {"bbox": [[562, 757], [648, 802]], "content": "beef"}, {"bbox": [[661, 756], [749, 802]], "content": "soup"}, {"bbox": [[763, 756], [876, 802]], "content": "bones"}], "bbox": [[283, 755], [876, 804]]}, {"word_boxes": [{"bbox": [[283, 822], [387, 868]], "content": "1/2kg"}, {"bbox": [[562, 820], [649, 865]], "content": "beef"}, {"bbox": [[664, 818], [788, 864]], "content": "brisket"}], "bbox": [[283, 818], [788, 868]]}, {"word_boxes": [{"bbox": [[281, 886], [299, 927]], "content": "8"}, {"bbox": [[563, 885], [636, 926]], "content": "star"}, {"bbox": [[649, 885], [755, 926]], "content": "anise,"}, {"bbox": [[769, 885], [908, 925]], "content": "toasted"}], "bbox": [[281, 884], [908, 927]]}, {"word_boxes": [{"bbox": [[282, 944], [298, 986]], "content": "6"}, {"bbox": [[561, 944], [676, 986]], "content": "whole"}, {"bbox": [[693, 944], [817, 987]], "content": "cloves,"}, {"bbox": [[832, 945], [972, 987]], "content": "toasted"}], "bbox": [[282, 943], [972, 987]]}, {"word_boxes": [{"bbox": [[282, 1006], [304, 1053]], "content": "2"}, {"bbox": [[316, 1006], [395, 1053]], "content": "tbsp"}, {"bbox": [[564, 1005], [682, 1052]], "content": "fennel"}, {"bbox": [[696, 1004], [812, 1051]], "content": "seeds,"}, {"bbox": [[824, 1004], [965, 1051]], "content": "toasted"}], "bbox": [[282, 1003], [965, 1054]]}, {"word_boxes": [{"bbox": [[283, 1072], [304, 1115]], "content": "2"}, {"bbox": [[318, 1071], [376, 1114]], "content": "pcs"}, {"bbox": [[563, 1068], [661, 1111]], "content": "black"}, {"bbox": [[674, 1065], [876, 1110]], "content": "cardamom"}], "bbox": [[283, 1065], [876, 1115]]}, {"word_boxes": [{"bbox": [[284, 1133], [346, 1168]], "content": "6-8"}, {"bbox": [[353, 1133], [370, 1168]], "content": "L"}, {"bbox": [[561, 1134], [673, 1168]], "content": "water"}], "bbox": [[284, 1133], [673, 1169]]}, {"word_boxes": [{"bbox": [[282, 1190], [388, 1237]], "content": "30-50"}, {"bbox": [[403, 1191], [420, 1237]], "content": "g"}, {"bbox": [[562, 1193], [684, 1239]], "content": "yellow"}, {"bbox": [[700, 1194], [778, 1240]], "content": "rock"}, {"bbox": [[793, 1194], [892, 1240]], "content": "sugar"}], "bbox": [[282, 1190], [892, 1241]]}, {"word_boxes": [{"bbox": [[282, 1258], [344, 1298]], "content": "Sea"}, {"bbox": [[360, 1258], [434, 1298]], "content": "salt,"}, {"bbox": [[447, 1257], [487, 1298]], "content": "to"}, {"bbox": [[498, 1257], [592, 1297]], "content": "taste"}], "bbox": [[282, 1257], [593, 1299]]}, {"word_boxes": [{"bbox": [[284, 1320], [351, 1358]], "content": "Fish"}, {"bbox": [[368, 1320], [483, 1358]], "content": "sauce,"}, {"bbox": [[500, 1320], [536, 1358]], "content": "to"}, {"bbox": [[548, 1320], [641, 1358]], "content": "taste"}], "bbox": [[284, 1320], [641, 1358]]}, {"word_boxes": [{"bbox": [[282, 1433], [452, 1471]], "content": "Garnishes"}], "bbox": [[282, 1433], [452, 1471]]}, {"word_boxes": [{"bbox": [[423, 1494], [507, 1534]], "content": "600g"}, {"bbox": [[520, 1495], [610, 1534]], "content": "Dried"}, {"bbox": [[625, 1495], [681, 1534]], "content": "flat"}, {"bbox": [[693, 1495], [753, 1534]], "content": "rice"}, {"bbox": [[769, 1495], [900, 1534]], "content": "noodles"}, {"bbox": [[916, 1495], [1012, 1534]], "content": "(Banh"}, {"bbox": [[1028, 1495], [1114, 1534]], "content": "Pho),"}, {"bbox": [[1128, 1495], [1247, 1534]], "content": "soaked"}, {"bbox": [[1263, 1495], [1289, 1534]], "content": "in"}, {"bbox": [[1304, 1495], [1371, 1534]], "content": "cold"}, {"bbox": [[1385, 1495], [1489, 1534]], "content": "water"}, {"bbox": [[1496, 1495], [1549, 1534]], "content": "for"}, {"bbox": [[1560, 1495], [1600, 1534]], "content": "40"}, {"bbox": [[1613, 1495], [1763, 1534]], "content": "minutes,"}, {"bbox": [[1778, 1495], [1856, 1534]], "content": "drain"}], "bbox": [[423, 1494], [1856, 1534]]}, {"word_boxes": [{"bbox": [[423, 1550], [507, 1590]], "content": "500g"}, {"bbox": [[520, 1550], [633, 1590]], "content": "sirloin,"}, {"bbox": [[645, 1550], [720, 1590]], "content": "fillet"}, {"bbox": [[734, 1550], [772, 1590]], "content": "or"}, {"bbox": [[784, 1550], [884, 1590]], "content": "rump,"}, {"bbox": [[897, 1550], [994, 1590]], "content": "thinly"}, {"bbox": [[1005, 1550], [1101, 1590]], "content": "sliced"}], "bbox": [[423, 1550], [1101, 1590]]}, {"word_boxes": [{"bbox": [[424, 1605], [441, 1645]], "content": "1"}, {"bbox": [[454, 1605], [550, 1645]], "content": "white"}, {"bbox": [[564, 1605], [672, 1645]], "content": "onion,"}, {"bbox": [[685, 1605], [779, 1645]], "content": "sliced"}, {"bbox": [[797, 1605], [985, 1645]], "content": "paper-thin,"}, {"bbox": [[999, 1605], [1119, 1645]], "content": "soaked"}, {"bbox": [[1133, 1605], [1160, 1645]], "content": "in"}, {"bbox": [[1176, 1605], [1220, 1645]], "content": "ice"}, {"bbox": [[1233, 1605], [1332, 1645]], "content": "water"}, {"bbox": [[1345, 1604], [1397, 1645]], "content": "for"}, {"bbox": [[1409, 1604], [1445, 1645]], "content": "15"}, {"bbox": [[1461, 1604], [1609, 1645]], "content": "minutes,"}, {"bbox": [[1624, 1604], [1709, 1645]], "content": "drain"}], "bbox": [[424, 1604], [1709, 1646]]}, {"word_boxes": [{"bbox": [[423, 1658], [441, 1698]], "content": "8"}, {"bbox": [[455, 1658], [563, 1699]], "content": "Spring"}, {"bbox": [[575, 1659], [698, 1699]], "content": "onions,"}, {"bbox": [[713, 1659], [860, 1700]], "content": "chopped"}], "bbox": [[423, 1658], [860, 1700]]}, {"word_boxes": [{"bbox": [[424, 1714], [557, 1746]], "content": "Handful"}, {"bbox": [[570, 1714], [672, 1746]], "content": "sweet"}, {"bbox": [[688, 1714], [761, 1746]], "content": "basil"}, {"bbox": [[776, 1714], [882, 1746]], "content": "leaves"}], "bbox": [[424, 1714], [882, 1746]]}, {"word_boxes": [{"bbox": [[424, 1763], [557, 1807]], "content": "Handful"}, {"bbox": [[571, 1764], [732, 1808]], "content": "sawtooth"}, {"bbox": [[745, 1765], [921, 1809]], "content": "coriander,"}, {"bbox": [[936, 1766], [1084, 1810]], "content": "chopped"}], "bbox": [[424, 1763], [1084, 1810]]}, {"word_boxes": [{"bbox": [[422, 1823], [442, 1862]], "content": "4"}, {"bbox": [[456, 1823], [553, 1862]], "content": "limes,"}, {"bbox": [[567, 1823], [621, 1862]], "content": "cut"}, {"bbox": [[633, 1823], [699, 1863]], "content": "into"}, {"bbox": [[712, 1824], [842, 1863]], "content": "wedges"}], "bbox": [[422, 1822], [842, 1863]]}, {"word_boxes": [{"bbox": [[424, 1876], [512, 1919]], "content": "Black"}, {"bbox": [[528, 1876], [657, 1919]], "content": "Pepper,"}, {"bbox": [[670, 1877], [787, 1920]], "content": "freshly"}, {"bbox": [[800, 1878], [920, 1921]], "content": "ground"}], "bbox": [[425, 1875], [920, 1921]]}, {"word_boxes": [{"bbox": [[283, 1983], [417, 2022]], "content": "Prepare"}, {"bbox": [[428, 1983], [485, 2021]], "content": "the"}, {"bbox": [[500, 1982], [564, 2020]], "content": "pho"}, {"bbox": [[578, 1981], [669, 2020]], "content": "broth"}], "bbox": [[283, 1981], [669, 2022]]}, {"word_boxes": [{"bbox": [[306, 2034], [329, 2069]], "content": "1."}, {"bbox": [[392, 2034], [520, 2069]], "content": "Chargrill"}, {"bbox": [[532, 2034], [584, 2069]], "content": "the"}, {"bbox": [[596, 2034], [682, 2069]], "content": "onion"}, {"bbox": [[697, 2034], [752, 2070]], "content": "and"}, {"bbox": [[765, 2035], [861, 2070]], "content": "ginger"}, {"bbox": [[873, 2035], [940, 2070]], "content": "over"}, {"bbox": [[953, 2035], [1003, 2070]], "content": "gas"}, {"bbox": [[1015, 2035], [1120, 2070]], "content": "burner"}, {"bbox": [[1132, 2035], [1201, 2070]], "content": "until"}, {"bbox": [[1212, 2035], [1347, 2070]], "content": "fragrant."}], "bbox": [[307, 2033], [1347, 2071]]}, {"word_boxes": [{"bbox": [[307, 2083], [329, 2119]], "content": "2."}, {"bbox": [[393, 2083], [479, 2119]], "content": "Halve"}, {"bbox": [[488, 2083], [540, 2119]], "content": "the"}, {"bbox": [[553, 2083], [651, 2119]], "content": "ginger"}, {"bbox": [[661, 2083], [830, 2119]], "content": "lengthwise"}, {"bbox": [[844, 2083], [897, 2119]], "content": "and"}, {"bbox": [[913, 2083], [1005, 2119]], "content": "bruise"}, {"bbox": [[1020, 2083], [1120, 2119]], "content": "lightly."}, {"bbox": [[1133, 2083], [1181, 2119]], "content": "Set"}, {"bbox": [[1192, 2083], [1241, 2119]], "content": "the"}, {"bbox": [[1257, 2083], [1341, 2119]], "content": "onion"}, {"bbox": [[1356, 2083], [1411, 2119]], "content": "and"}, {"bbox": [[1425, 2083], [1521, 2119]], "content": "ginger"}, {"bbox": [[1533, 2083], [1615, 2119]], "content": "aside."}], "bbox": [[307, 2083], [1615, 2119]]}, {"word_boxes": [{"bbox": [[307, 2129], [329, 2167]], "content": "3."}, {"bbox": [[394, 2129], [501, 2167]], "content": "Parboil"}, {"bbox": [[516, 2129], [616, 2167]], "content": "bones."}, {"bbox": [[630, 2129], [708, 2167]], "content": "Place"}, {"bbox": [[721, 2129], [816, 2167]], "content": "bones"}, {"bbox": [[827, 2130], [852, 2167]], "content": "in"}, {"bbox": [[865, 2130], [1000, 2167]], "content": "stockpot"}, {"bbox": [[1012, 2130], [1067, 2167]], "content": "and"}, {"bbox": [[1081, 2130], [1165, 2168]], "content": "cover"}, {"bbox": [[1176, 2130], [1241, 2168]], "content": "with"}, {"bbox": [[1256, 2130], [1319, 2168]], "content": "cold"}, {"bbox": [[1333, 2130], [1428, 2168]], "content": "water."}, {"bbox": [[1444, 2130], [1515, 2168]], "content": "Over"}, {"bbox": [[1532, 2130], [1593, 2168]], "content": "high"}, {"bbox": [[1609, 2130], [1685, 2168]], "content": "heat,"}, {"bbox": [[1701, 2130], [1778, 2168]], "content": "bring"}, {"bbox": [[1789, 2130], [1820, 2168]], "content": "to"}, {"bbox": [[1833, 2130], [1898, 2168]], "content": "boil."}, {"bbox": [[1912, 2130], [1960, 2168]], "content": "Boil"}], "bbox": [[307, 2129], [1960, 2169]]}, {"word_boxes": [{"bbox": [[392, 2182], [553, 2218]], "content": "vigorously"}, {"bbox": [[563, 2182], [608, 2218]], "content": "for"}, {"bbox": [[620, 2182], [636, 2218]], "content": "2"}, {"bbox": [[645, 2181], [677, 2218]], "content": "to"}, {"bbox": [[692, 2181], [704, 2218]], "content": "3"}, {"bbox": [[721, 2181], [844, 2218]], "content": "minutes"}, {"bbox": [[856, 2181], [888, 2218]], "content": "to"}, {"bbox": [[900, 2181], [982, 2218]], "content": "allow"}, {"bbox": [[995, 2181], [1153, 2218]], "content": "impurities"}, {"bbox": [[1161, 2181], [1193, 2218]], "content": "to"}, {"bbox": [[1208, 2181], [1241, 2217]], "content": "be"}, {"bbox": [[1256, 2181], [1397, 2217]], "content": "released."}, {"bbox": [[1412, 2181], [1501, 2217]], "content": "Dump"}, {"bbox": [[1516, 2181], [1609, 2217]], "content": "bones"}, {"bbox": [[1620, 2181], [1677, 2217]], "content": "and"}, {"bbox": [[1689, 2181], [1780, 2217]], "content": "water"}, {"bbox": [[1792, 2181], [1850, 2217]], "content": "into"}, {"bbox": [[1862, 2181], [1922, 2217]], "content": "sink"}, {"bbox": [[1934, 2181], [1983, 2217]], "content": "and"}], "bbox": [[392, 2180], [1983, 2219]]}, {"word_boxes": [{"bbox": [[394, 2233], [467, 2271]], "content": "rinse"}, {"bbox": [[480, 2233], [572, 2271]], "content": "bones"}, {"bbox": [[585, 2233], [651, 2271]], "content": "with"}, {"bbox": [[664, 2233], [724, 2271]], "content": "cold"}, {"bbox": [[741, 2233], [836, 2271]], "content": "water."}, {"bbox": [[852, 2233], [965, 2271]], "content": "Quickly"}, {"bbox": [[977, 2233], [1060, 2271]], "content": "scrub"}, {"bbox": [[1073, 2233], [1129, 2271]], "content": "and"}, {"bbox": [[1141, 2233], [1220, 2271]], "content": "clean"}, {"bbox": [[1234, 2233], [1376, 2271]], "content": "stockpot."}, {"bbox": [[1393, 2233], [1493, 2271]], "content": "Return"}, {"bbox": [[1509, 2233], [1600, 2271]], "content": "bones"}, {"bbox": [[1612, 2234], [1643, 2271]], "content": "to"}, {"bbox": [[1657, 2234], [1709, 2271]], "content": "pot"}, {"bbox": [[1720, 2234], [1774, 2271]], "content": "and"}, {"bbox": [[1789, 2234], [1846, 2272]], "content": "add"}, {"bbox": [[1857, 2234], [1950, 2272]], "content": "water."}], "bbox": [[394, 2232], [1950, 2272]]}, {"word_boxes": [{"bbox": [[304, 2285], [327, 2324]], "content": "4."}, {"bbox": [[394, 2285], [472, 2324]], "content": "Bring"}, {"bbox": [[484, 2285], [515, 2324]], "content": "to"}, {"bbox": [[527, 2285], [592, 2324]], "content": "boil."}, {"bbox": [[607, 2285], [660, 2324]], "content": "Use"}, {"bbox": [[674, 2285], [746, 2324]], "content": "ladle"}, {"bbox": [[757, 2285], [789, 2324]], "content": "to"}, {"bbox": [[800, 2285], [871, 2324]], "content": "skim"}, {"bbox": [[885, 2285], [965, 2324]], "content": "away"}, {"bbox": [[976, 2285], [1032, 2324]], "content": "any"}, {"bbox": [[1043, 2285], [1120, 2324]], "content": "scum"}, {"bbox": [[1132, 2285], [1197, 2324]], "content": "that"}, {"bbox": [[1213, 2285], [1277, 2324]], "content": "rises"}, {"bbox": [[1289, 2285], [1321, 2324]], "content": "to"}, {"bbox": [[1333, 2285], [1383, 2324]], "content": "the"}, {"bbox": [[1396, 2285], [1516, 2324]], "content": "surface."}, {"bbox": [[1529, 2285], [1589, 2323]], "content": "Add"}, {"bbox": [[1604, 2285], [1762, 2323]], "content": "remaining"}, {"bbox": [[1774, 2285], [1851, 2323]], "content": "broth"}], "bbox": [[304, 2285], [1851, 2324]]}, {"word_boxes": [{"bbox": [[393, 2338], [567, 2376]], "content": "ingredients"}, {"bbox": [[580, 2338], [636, 2376]], "content": "and"}, {"bbox": [[649, 2338], [730, 2376]], "content": "cook,"}, {"bbox": [[745, 2337], [917, 2376]], "content": "uncovered,"}, {"bbox": [[928, 2337], [977, 2376]], "content": "for"}, {"bbox": [[987, 2337], [1000, 2376]], "content": "1"}, {"bbox": [[1017, 2337], [1065, 2376]], "content": "1/2"}, {"bbox": [[1080, 2337], [1173, 2376]], "content": "hours."}, {"bbox": [[1188, 2337], [1293, 2376]], "content": "Brisket"}, {"bbox": [[1308, 2337], [1385, 2376]], "content": "meat"}, {"bbox": [[1396, 2337], [1499, 2376]], "content": "should"}, {"bbox": [[1515, 2337], [1549, 2376]], "content": "be"}, {"bbox": [[1561, 2337], [1671, 2376]], "content": "slightly"}, {"bbox": [[1682, 2337], [1784, 2376]], "content": "chewy"}, {"bbox": [[1797, 2337], [1846, 2376]], "content": "but"}, {"bbox": [[1858, 2337], [1909, 2375]], "content": "not"}, {"bbox": [[1920, 2337], [2014, 2375]], "content": "tough."}], "bbox": [[393, 2336], [2014, 2377]]}, {"word_boxes": [{"bbox": [[393, 2388], [484, 2426]], "content": "When"}, {"bbox": [[497, 2388], [517, 2426]], "content": "it"}, {"bbox": [[527, 2388], [548, 2426]], "content": "is"}, {"bbox": [[560, 2388], [672, 2426]], "content": "cooked"}, {"bbox": [[684, 2388], [716, 2426]], "content": "to"}, {"bbox": [[726, 2388], [797, 2426]], "content": "your"}, {"bbox": [[811, 2388], [900, 2426]], "content": "liking,"}, {"bbox": [[912, 2388], [1030, 2427]], "content": "remove"}, {"bbox": [[1045, 2389], [1061, 2427]], "content": "it"}, {"bbox": [[1073, 2389], [1128, 2427]], "content": "and"}, {"bbox": [[1145, 2389], [1225, 2427]], "content": "place"}, {"bbox": [[1237, 2389], [1261, 2427]], "content": "in"}, {"bbox": [[1275, 2389], [1349, 2427]], "content": "bowl"}, {"bbox": [[1361, 2389], [1393, 2427]], "content": "of"}, {"bbox": [[1401, 2389], [1464, 2427]], "content": "cold"}, {"bbox": [[1477, 2389], [1568, 2427]], "content": "water"}, {"bbox": [[1578, 2389], [1622, 2427]], "content": "for"}, {"bbox": [[1636, 2389], [1671, 2427]], "content": "10"}, {"bbox": [[1684, 2389], [1818, 2427]], "content": "minutes;"}, {"bbox": [[1830, 2389], [1889, 2427]], "content": "this"}, {"bbox": [[1902, 2389], [2031, 2428]], "content": "prevents"}], "bbox": [[393, 2387], [2031, 2428]]}, {"word_boxes": [{"bbox": [[392, 2439], [443, 2480]], "content": "the"}, {"bbox": [[456, 2439], [535, 2480]], "content": "meat"}, {"bbox": [[544, 2439], [619, 2480]], "content": "from"}, {"bbox": [[632, 2439], [728, 2480]], "content": "drying"}, {"bbox": [[741, 2439], [779, 2480]], "content": "up"}, {"bbox": [[791, 2439], [848, 2480]], "content": "and"}, {"bbox": [[860, 2439], [972, 2480]], "content": "turning"}, {"bbox": [[985, 2439], [1053, 2480]], "content": "dark"}, {"bbox": [[1065, 2439], [1097, 2480]], "content": "as"}, {"bbox": [[1108, 2439], [1129, 2480]], "content": "it"}, {"bbox": [[1139, 2439], [1224, 2480]], "content": "cools."}, {"bbox": [[1240, 2439], [1321, 2480]], "content": "Drain"}, {"bbox": [[1333, 2439], [1389, 2480]], "content": "and"}, {"bbox": [[1401, 2439], [1469, 2480]], "content": "slice"}, {"bbox": [[1477, 2439], [1529, 2480]], "content": "the"}, {"bbox": [[1542, 2439], [1657, 2480]], "content": "brisket,"}, {"bbox": [[1672, 2439], [1725, 2480]], "content": "and"}, {"bbox": [[1740, 2439], [1918, 2480]], "content": "refrigerate."}, {"bbox": [[1930, 2439], [2009, 2480]], "content": "Allow"}], "bbox": [[392, 2439], [2009, 2480]]}, {"word_boxes": [{"bbox": [[394, 2492], [476, 2526]], "content": "broth"}, {"bbox": [[488, 2492], [520, 2526]], "content": "to"}, {"bbox": [[532, 2492], [668, 2526]], "content": "continue"}, {"bbox": [[681, 2491], [803, 2526]], "content": "cooking"}, {"bbox": [[812, 2491], [857, 2526]], "content": "for"}, {"bbox": [[869, 2491], [884, 2526]], "content": "3"}, {"bbox": [[899, 2491], [992, 2526]], "content": "hours."}, {"bbox": [[1009, 2491], [1097, 2526]], "content": "Strain"}, {"bbox": [[1108, 2491], [1157, 2526]], "content": "the"}, {"bbox": [[1172, 2491], [1228, 2526]], "content": "pho"}, {"bbox": [[1244, 2491], [1325, 2526]], "content": "broth"}, {"bbox": [[1336, 2491], [1461, 2526]], "content": "through"}, {"bbox": [[1474, 2491], [1532, 2526]], "content": "fine"}, {"bbox": [[1544, 2491], [1663, 2526]], "content": "strainer"}, {"bbox": [[1677, 2491], [1732, 2525]], "content": "and"}, {"bbox": [[1745, 2491], [1857, 2525]], "content": "discard"}, {"bbox": [[1869, 2491], [1920, 2525]], "content": "the"}, {"bbox": [[1932, 2491], [2020, 2525]], "content": "solids."}], "bbox": [[394, 2490], [2020, 2527]]}, {"word_boxes": [{"bbox": [[391, 2541], [475, 2579]], "content": "Taste"}, {"bbox": [[488, 2541], [543, 2579]], "content": "and"}, {"bbox": [[557, 2541], [653, 2580]], "content": "adjust"}, {"bbox": [[661, 2541], [773, 2580]], "content": "flavour"}, {"bbox": [[785, 2542], [848, 2580]], "content": "with"}, {"bbox": [[864, 2542], [1021, 2581]], "content": "additional"}, {"bbox": [[1033, 2543], [1093, 2581]], "content": "salt,"}, {"bbox": [[1105, 2543], [1159, 2581]], "content": "fish"}, {"bbox": [[1173, 2543], [1260, 2582]], "content": "sauce"}, {"bbox": [[1272, 2543], [1327, 2582]], "content": "and"}, {"bbox": [[1340, 2543], [1440, 2582]], "content": "yellow"}, {"bbox": [[1452, 2544], [1519, 2582]], "content": "rock"}, {"bbox": [[1528, 2544], [1621, 2583]], "content": "sugar."}], "bbox": [[391, 2540], [1621, 2583]]}, {"word_boxes": [{"bbox": [[281, 2643], [446, 2679]], "content": "Assemble"}, {"bbox": [[460, 2643], [516, 2680]], "content": "the"}, {"bbox": [[530, 2644], [592, 2680]], "content": "pho"}, {"bbox": [[608, 2644], [706, 2680]], "content": "bowls"}], "bbox": [[281, 2642], [706, 2681]]}, {"word_boxes": [{"bbox": [[306, 2696], [329, 2732]], "content": "5."}, {"bbox": [[395, 2696], [413, 2732]], "content": "If"}, {"bbox": [[425, 2695], [504, 2732]], "content": "using"}, {"bbox": [[516, 2695], [596, 2732]], "content": "dried"}, {"bbox": [[608, 2695], [740, 2731]], "content": "noodles,"}, {"bbox": [[753, 2695], [838, 2731]], "content": "cover"}, {"bbox": [[848, 2695], [928, 2731]], "content": "them"}, {"bbox": [[941, 2695], [1008, 2731]], "content": "with"}, {"bbox": [[1021, 2695], [1083, 2731]], "content": "cold"}, {"bbox": [[1098, 2695], [1187, 2731]], "content": "water"}, {"bbox": [[1200, 2694], [1255, 2731]], "content": "and"}, {"bbox": [[1269, 2694], [1308, 2731]], "content": "let"}, {"bbox": [[1318, 2694], [1389, 2731]], "content": "soak"}, {"bbox": [[1400, 2694], [1444, 2730]], "content": "for"}, {"bbox": [[1456, 2694], [1491, 2730]], "content": "40"}, {"bbox": [[1504, 2694], [1636, 2730]], "content": "minutes."}, {"bbox": [[1653, 2694], [1732, 2730]], "content": "Drain"}, {"bbox": [[1747, 2694], [1773, 2730]], "content": "in"}, {"bbox": [[1786, 2694], [1798, 2730]], "content": "a"}, {"bbox": [[1813, 2694], [1951, 2730]], "content": "colander."}], "bbox": [[306, 2693], [1951, 2732]]}, {"word_boxes": [{"bbox": [[395, 2742], [496, 2778]], "content": "Blanch"}, {"bbox": [[506, 2742], [556, 2778]], "content": "the"}, {"bbox": [[571, 2742], [676, 2778]], "content": "noodle"}, {"bbox": [[692, 2742], [715, 2778]], "content": "in"}, {"bbox": [[729, 2742], [833, 2779]], "content": "boiling"}, {"bbox": [[845, 2742], [936, 2779]], "content": "water"}, {"bbox": [[944, 2743], [989, 2779]], "content": "for"}, {"bbox": [[1000, 2743], [1088, 2779]], "content": "20-30"}, {"bbox": [[1101, 2743], [1235, 2779]], "content": "seconds."}, {"bbox": [[1249, 2743], [1345, 2779]], "content": "Divide"}, {"bbox": [[1356, 2743], [1407, 2779]], "content": "the"}, {"bbox": [[1420, 2743], [1541, 2779]], "content": "noodles"}, {"bbox": [[1555, 2743], [1661, 2780]], "content": "among"}, {"bbox": [[1673, 2743], [1750, 2780]], "content": "eight"}, {"bbox": [[1763, 2744], [1856, 2780]], "content": "bowls."}], "bbox": [[395, 2741], [1856, 2780]]}, {"word_boxes": [{"bbox": [[310, 2789], [334, 2826]], "content": "6."}, {"bbox": [[391, 2789], [449, 2826]], "content": "Top"}, {"bbox": [[461, 2789], [532, 2826]], "content": "each"}, {"bbox": [[547, 2789], [621, 2826]], "content": "bowl"}, {"bbox": [[632, 2789], [664, 2826]], "content": "of"}, {"bbox": [[675, 2789], [796, 2826]], "content": "noodles"}, {"bbox": [[809, 2790], [876, 2826]], "content": "with"}, {"bbox": [[889, 2790], [996, 2827]], "content": "brisket"}, {"bbox": [[1008, 2790], [1061, 2827]], "content": "and"}, {"bbox": [[1077, 2790], [1161, 2827]], "content": "sliced"}, {"bbox": [[1177, 2790], [1231, 2827]], "content": "raw"}, {"bbox": [[1244, 2790], [1321, 2827]], "content": "beef."}, {"bbox": [[1336, 2791], [1413, 2827]], "content": "Place"}, {"bbox": [[1428, 2791], [1440, 2827]], "content": "a"}, {"bbox": [[1456, 2791], [1563, 2828]], "content": "mound"}, {"bbox": [[1577, 2791], [1609, 2828]], "content": "of"}, {"bbox": [[1617, 2791], [1704, 2828]], "content": "white"}, {"bbox": [[1716, 2791], [1814, 2828]], "content": "onion,"}, {"bbox": [[1829, 2791], [1922, 2828]], "content": "spring"}, {"bbox": [[1933, 2792], [2024, 2828]], "content": "onion,"}], "bbox": [[310, 2788], [2024, 2829]]}, {"word_boxes": [{"bbox": [[392, 2839], [448, 2875]], "content": "and"}, {"bbox": [[462, 2838], [597, 2875]], "content": "chopped"}, {"bbox": [[611, 2837], [704, 2874]], "content": "herbs."}], "bbox": [[392, 2837], [704, 2876]]}, {"word_boxes": [{"bbox": [[306, 2884], [329, 2922]], "content": "7."}, {"bbox": [[394, 2884], [472, 2922]], "content": "Raise"}, {"bbox": [[484, 2884], [535, 2923]], "content": "the"}, {"bbox": [[548, 2885], [616, 2923]], "content": "heat"}, {"bbox": [[628, 2885], [683, 2923]], "content": "and"}, {"bbox": [[697, 2885], [777, 2923]], "content": "bring"}, {"bbox": [[787, 2885], [836, 2923]], "content": "the"}, {"bbox": [[851, 2885], [932, 2923]], "content": "broth"}, {"bbox": [[944, 2885], [977, 2923]], "content": "to"}, {"bbox": [[989, 2885], [1004, 2923]], "content": "a"}, {"bbox": [[1021, 2885], [1116, 2923]], "content": "rolling"}, {"bbox": [[1128, 2885], [1193, 2923]], "content": "boil."}, {"bbox": [[1208, 2885], [1285, 2923]], "content": "Ladle"}, {"bbox": [[1297, 2885], [1349, 2923]], "content": "the"}, {"bbox": [[1361, 2885], [1444, 2923]], "content": "broth"}, {"bbox": [[1458, 2885], [1516, 2923]], "content": "into"}, {"bbox": [[1528, 2885], [1600, 2923]], "content": "each"}, {"bbox": [[1614, 2885], [1697, 2924]], "content": "bowl."}, {"bbox": [[1709, 2886], [1794, 2924]], "content": "Serve"}, {"bbox": [[1808, 2886], [1996, 2924]], "content": "immediately"}], "bbox": [[306, 2884], [1996, 2924]]}, {"word_boxes": [{"bbox": [[393, 2930], [460, 2969]], "content": "with"}, {"bbox": [[471, 2931], [536, 2969]], "content": "lime"}, {"bbox": [[548, 2932], [668, 2971]], "content": "wedges"}, {"bbox": [[679, 2934], [736, 2972]], "content": "and"}, {"bbox": [[748, 2935], [828, 2973]], "content": "black"}, {"bbox": [[841, 2936], [960, 2975]], "content": "pepper."}], "bbox": [[394, 2930], [960, 2975]]}, {"word_boxes": [{"bbox": [[286, 3080], [400, 3113]], "content": "Excerpts"}, {"bbox": [[404, 3080], [474, 3113]], "content": "from"}, {"bbox": [[484, 3080], [531, 3113]], "content": "the"}, {"bbox": [[541, 3079], [664, 3113]], "content": "Passport"}, {"bbox": [[673, 3079], [700, 3113]], "content": "to"}, {"bbox": [[709, 3079], [813, 3113]], "content": "Saigon:"}, {"bbox": [[825, 3079], [875, 3112]], "content": "The"}, {"bbox": [[884, 3079], [1008, 3112]], "content": "essential"}, {"bbox": [[1018, 3079], [1095, 3112]], "content": "guide"}, {"bbox": [[1105, 3079], [1132, 3112]], "content": "to"}, {"bbox": [[1141, 3078], [1261, 3112]], "content": "Saigon's"}, {"bbox": [[1269, 3078], [1353, 3112]], "content": "Street"}, {"bbox": [[1364, 3078], [1431, 3112]], "content": "Food"}, {"bbox": [[1441, 3078], [1536, 3111]], "content": "Secrets"}], "bbox": [[286, 3077], [1536, 3114]]}, {"word_boxes": [{"bbox": [[285, 3122], [313, 3154]], "content": "by"}, {"bbox": [[324, 3120], [456, 3154]], "content": "NamNam"}], "bbox": [[285, 3119], [456, 3154]]}]}}