{"name": "Menu", "schemaDescription": "", "documentType": "custom", "documentTypeDescription": "", "id": "4f8f92e3-11cb-4f3d-a281-012b1c581963", "parent_schema_id": "4f8f92e3-11cb-4f3d-a281-012b1c581963", "predefined": false, "version": "1", "created": "2024-05-03T17:40:23.612227+00:00", "settings": "", "updated": "", "state": "active", "predefinedCategories": [], "categories": [], "headerFields": [{"name": "Name", "description": "", "label": "", "categoryName": null, "defaultExtractor": {}, "setupType": "static", "setupTypeVersion": "2.0.0", "setup": {"language": [], "type": "auto", "priority": 1, "modelArtifactId": []}, "formattingType": "string", "formatting": {}, "formattingTypeVersion": "1.0.0"}, {"name": "Portions", "description": "", "label": "", "categoryName": null, "defaultExtractor": {}, "setupType": "static", "setupTypeVersion": "2.0.0", "setup": {"language": [], "type": "auto", "priority": 1, "modelArtifactId": []}, "formattingType": "number", "formatting": {}, "formattingTypeVersion": "1.0.0"}], "lineItemFields": [{"name": "Ingredient", "description": "", "label": "", "categoryName": null, "defaultExtractor": {}, "setupType": "static", "setupTypeVersion": "2.0.0", "setup": {"language": [], "type": "auto", "priority": 1, "modelArtifactId": []}, "formattingType": "string", "formatting": {}, "formattingTypeVersion": "1.0.0"}, {"name": "Qty", "description": "", "label": "", "categoryName": null, "defaultExtractor": {}, "setupType": "static", "setupTypeVersion": "2.0.0", "setup": {"language": [], "type": "auto", "priority": 1, "modelArtifactId": []}, "formattingType": "number", "formatting": {}, "formattingTypeVersion": "1.0.0"}]}