{"id": "dfdbeea2-27a0-4377-a75c-b236f937c4ad", "schemaId": "4f8f92e3-11cb-4f3d-a281-012b1c581963", "schemaVersion": 1, "name": "Menus", "description": "", "language": "en", "documentType": "custom", "clientId": "default", "isActive": true, "status": "NO_SAMPLES", "documentAssociations": [{"id": "e95d6ad2-03b3-42df-a92e-667e60387960"}, {"id": "680f96a0-3989-41e5-8b83-f09f55f487e9"}], "creationDate": "2024-05-03T18:09:23.818564+00:00", "lastUpdatedDate": "2024-05-03T18:10:03.243561+00:00", "schemaName": null, "extraction": {"headerFields": [{"name": "Name", "label": "Name", "type": "string"}, {"name": "Portions", "label": "Portions", "type": "number"}], "lineItemFields": [{"name": "Ingredient", "label": "Ingredient", "type": "string"}, {"name": "Qty", "label": "Qty", "type": "number"}]}}